a que coucou, haha
a que coucou, haha
a que coucou, haha
a que coucou, haha
a que coucou, haha
a que coucou, haha
a que coucou, haha
a que coucou, haha
a que coucou, haha
a que coucou, haha
a que coucou, haha
a que coucou, haha
a que coucou, haha
a que coucou, haha
a que coucou, haha
a que coucou, haha
a que coucou, haha
a que coucou, haha
a que coucou, haha
a que coucou, haha
a que coucou, haha
a que coucou, haha
a que coucou, haha
a que coucou, haha
a que coucou, haha
a que coucou, haha
a que coucou, haha
a que coucou, haha
a que coucou, haha
a que coucou, haha
a que coucou, haha
a que coucou, haha
a que coucou, haha
a que coucou, haha
a que coucou, haha
a que coucou, haha
a que coucou, haha
a que coucou, haha
a que coucou, haha
a que coucou, haha
a que coucou, haha
a que coucou, haha
a que coucou, haha
a que coucou, haha
a que coucou, haha
a que coucou, haha
a que coucou, haha
a que coucou, haha
a que coucou, haha
a que coucou, haha
a que coucou, haha
a que coucou, haha
a que coucou, haha
a que coucou, haha
a que coucou, haha
a que coucou, haha
a que coucou, haha
a que coucou, haha
a que coucou, haha
a que coucou, haha
a que coucou, haha
a que coucou, haha
a que coucou, haha
a que coucou, haha
a que coucou, haha
a que coucou, haha
a que coucou, haha
a que coucou, haha
a que coucou, haha
a que coucou, haha
a que coucou, haha
a que coucou, haha
a que coucou, haha
a que coucou, haha
a que coucou, haha
a que coucou, haha
a que coucou, haha
a que coucou, haha
a que coucou, haha
a que coucou, haha
a que coucou, haha
a que coucou, haha
a que coucou, haha
a que coucou, haha
a que coucou, haha
a que coucou, haha
a que coucou, haha
a que coucou, haha
a que coucou, haha
a que coucou, haha
a que coucou, haha
a que coucou, haha
a que coucou, haha
a que coucou, haha
a que coucou, haha
a que coucou, haha
a que coucou, haha
a que coucou, haha
a que coucou, haha
a que coucou, haha
a que coucou, haha
a que coucou, haha
a que coucou, haha
a que coucou, haha
a que coucou, haha
a que coucou, haha
a que coucou, haha
a que coucou, haha
a que coucou, haha
a que coucou, haha
a que coucou, haha
a que coucou, haha
a que coucou, haha
a que coucou, haha
a que coucou, haha
a que coucou, haha
a que coucou, haha
a que coucou, haha
a que coucou, haha
a que coucou, haha
a que coucou, haha
a que coucou, haha
a que coucou, haha
a que coucou, haha
a que coucou, haha
a que coucou, haha
a que coucou, haha
a que coucou, haha
a que coucou, haha
a que coucou, haha
a que coucou, haha
a que coucou, haha
a que coucou, haha
a que coucou, haha
a que coucou, haha
a que coucou, haha
a que coucou, haha
a que coucou, haha
a que coucou, haha
a que coucou, haha
a que coucou, haha
a que coucou, haha
a que coucou, haha
a que coucou, haha
a que coucou, haha
a que coucou, haha
a que coucou, haha
a que coucou, haha
a que coucou, haha
a que coucou, haha
a que coucou, haha
a que coucou, haha
a que coucou, haha
a que coucou, haha
a que coucou, haha
a que coucou, haha
a que coucou, haha
a que coucou, haha
a que coucou, haha
a que coucou, haha
a que coucou, haha
a que coucou, haha
a que coucou, haha
a que coucou, haha
a que coucou, haha
a que coucou, haha
a que coucou, haha
a que coucou, haha
a que coucou, haha
a que coucou, haha
a que coucou, haha
a que coucou, haha
a que coucou, haha
a que coucou, haha
a que coucou, haha
a que coucou, haha
a que coucou, haha
a que coucou, haha
a que coucou, haha
a que coucou, haha
a que coucou, haha
a que coucou, haha
a que coucou, haha
a que coucou, haha
a que coucou, haha
a que coucou, haha
a que coucou, haha
a que coucou, haha
a que coucou, haha
a que coucou, haha
a que coucou, haha
a que coucou, haha
a que coucou, haha
a que coucou, haha
a que coucou, haha
a que coucou, haha
a que coucou, haha
a que coucou, haha
a que coucou, haha
a que coucou, haha
a que coucou, haha
a que coucou, haha
a que coucou, haha
a que coucou, haha
a que coucou, haha
a que coucou, haha
a que coucou, haha
a que coucou, haha
a que coucou, haha
a que coucou, haha
a que coucou, haha
a que coucou, haha
a que coucou, haha
a que coucou, haha
a que coucou, haha
a que coucou, haha
a que coucou, haha
a que coucou, haha
a que coucou, haha
a que coucou, haha
a que coucou, haha
a que coucou, haha
a que coucou, haha
a que coucou, haha
a que coucou, haha
a que coucou, haha
a que coucou, haha
a que coucou, haha
a que coucou, haha
a que coucou, haha
a que coucou, haha
a que coucou, haha
a que coucou, haha
a que coucou, haha
a que coucou, haha
a que coucou, haha
a que coucou, haha
a que coucou, haha
a que coucou, haha
a que coucou, haha
a que coucou, haha
a que coucou, haha
a que coucou, haha
a que coucou, haha
a que coucou, haha
a que coucou, haha
a que coucou, haha
a que coucou, haha
a que coucou, haha
a que coucou, haha
a que coucou, haha
a que coucou, haha
a que coucou, haha
a que coucou, haha
a que coucou, haha
a que coucou, haha
a que coucou, haha
a que coucou, haha
a que coucou, haha
a que coucou, haha
a que coucou, haha
a que coucou, haha
a que coucou, haha
a que coucou, haha
a que coucou, haha
a que coucou, haha
a que coucou, haha
a que coucou, haha
a que coucou, haha
a que coucou, haha
a que coucou, haha
a que coucou, haha
a que coucou, haha
a que coucou, haha
a que coucou, haha
a que coucou, haha
a que coucou, haha
a que coucou, haha
a que coucou, haha
a que coucou, haha
a que coucou, haha
a que coucou, haha
a que coucou, haha
a que coucou, haha
a que coucou, haha
a que coucou, haha
a que coucou, haha
a que coucou, haha
a que coucou, haha
a que coucou, haha
a que coucou, haha
a que coucou, haha
a que coucou, haha
a que coucou, haha
a que coucou, haha
a que coucou, haha
a que coucou, haha
a que coucou, haha
a que coucou, haha
a que coucou, haha
a que coucou, haha
a que coucou, haha
a que coucou, haha
a que coucou, haha
a que coucou, haha
a que coucou, haha
a que coucou, haha
a que coucou, haha
a que coucou, haha
a que coucou, haha
a que coucou, haha
a que coucou, haha
a que coucou, haha
a que coucou, haha
a que coucou, haha
a que coucou, haha
a que coucou, haha
a que coucou, haha
a que coucou, haha
a que coucou, haha
a que coucou, haha
a que coucou, haha
a que coucou, haha
a que coucou, haha
a que coucou, haha
a que coucou, haha
a que coucou, haha
a que coucou, haha
a que coucou, haha
a que coucou, haha
a que coucou, haha
a que coucou, haha
a que coucou, haha
a que coucou, haha
a que coucou, haha
a que coucou, haha
a que coucou, haha
a que coucou, haha
a que coucou, haha
a que coucou, haha
a que coucou, haha
a que coucou, haha
a que coucou, haha
a que coucou, haha
a que coucou, haha
a que coucou, haha
a que coucou, haha
a que coucou, haha
a que coucou, haha
a que coucou, haha
a que coucou, haha
a que coucou, haha
a que coucou, haha
a que coucou, haha
a que coucou, haha
a que coucou, haha
a que coucou, haha
a que coucou, haha
a que coucou, haha
a que coucou, haha
a que coucou, haha
a que coucou, haha
a que coucou, haha
a que coucou, haha
a que coucou, haha
a que coucou, haha
a que coucou, haha
a que coucou, haha
a que coucou, haha
a que coucou, haha
a que coucou, haha
a que coucou, haha
a que coucou, haha
a que coucou, haha
a que coucou, haha
a que coucou, haha
a que coucou, haha
a que coucou, haha
a que coucou, haha
a que coucou, haha
a que coucou, haha
a que coucou, haha
a que coucou, haha
a que coucou, haha
a que coucou, haha
a que coucou, haha
a que coucou, haha
a que coucou, haha
a que coucou, haha
a que coucou, haha
a que coucou, haha
a que coucou, haha
a que coucou, haha
a que coucou, haha
a que coucou, haha
a que coucou, haha
a que coucou, haha
a que coucou, haha
a que coucou, haha
a que coucou, haha
a que coucou, haha
a que coucou, haha
a que coucou, haha
a que coucou, haha
a que coucou, haha
a que coucou, haha
a que coucou, haha
a que coucou, haha
a que coucou, haha
a que coucou, haha
a que coucou, haha
a que coucou, haha
a que coucou, haha
a que coucou, haha
a que coucou, haha
a que coucou, haha
a que coucou, haha
a que coucou, haha
a que coucou, haha
a que coucou, haha
a que coucou, haha
a que coucou, haha
a que coucou, haha
a que coucou, haha
a que coucou, haha
a que coucou, haha
a que coucou, haha
a que coucou, haha
a que coucou, haha
a que coucou, haha
a que coucou, haha
a que coucou, haha
a que coucou, haha
a que coucou, haha
a que coucou, haha
a que coucou, haha
a que coucou, haha
a que coucou, haha
a que coucou, haha
a que coucou, haha
a que coucou, haha
a que coucou, haha
a que coucou, haha
a que coucou, haha
a que coucou, haha
a que coucou, haha
a que coucou, haha
a que coucou, haha
a que coucou, haha
a que coucou, haha
a que coucou, haha
a que coucou, haha
a que coucou, haha
a que coucou, haha
a que coucou, haha
a que coucou, haha
a que coucou, haha
a que coucou, haha
a que coucou, haha
a que coucou, haha
a que coucou, haha
a que coucou, haha
a que coucou, haha
a que coucou, haha
a que coucou, haha
a que coucou, haha
a que coucou, haha
a que coucou, haha
a que coucou, haha
a que coucou, haha
a que coucou, haha
a que coucou, haha
a que coucou, haha
a que coucou, haha
a que coucou, haha
a que coucou, haha
a que coucou, haha
a que coucou, haha
a que coucou, haha
a que coucou, haha
a que coucou, haha
a que coucou, haha
a que coucou, haha
a que coucou, haha
a que coucou, haha
a que coucou, haha
a que coucou, haha
a que coucou, haha
a que coucou, haha
a que coucou, haha
a que coucou, haha
a que coucou, haha
a que coucou, haha
a que coucou, haha
a que coucou, haha
a que coucou, haha
a que coucou, haha
a que coucou, haha
a que coucou, haha
a que coucou, haha
a que coucou, haha
a que coucou, haha
a que coucou, haha
a que coucou, haha
a que coucou, haha
a que coucou, haha
a que coucou, haha
a que coucou, haha
a que coucou, haha
a que coucou, haha
a que coucou, haha
a que coucou, haha
a que coucou, haha
a que coucou, haha
a que coucou, haha
a que coucou, haha
a que coucou, haha
a que coucou, haha
a que coucou, haha
a que coucou, haha
a que coucou, haha
a que coucou, haha
a que coucou, haha
a que coucou, haha
a que coucou, haha
a que coucou, haha
a que coucou, haha
a que coucou, haha
a que coucou, haha
a que coucou, haha
a que coucou, haha
a que coucou, haha
a que coucou, haha
a que coucou, haha
a que coucou, haha
a que coucou, haha
a que coucou, haha
a que coucou, haha
a que coucou, haha
a que coucou, haha
a que coucou, haha
a que coucou, haha
a que coucou, haha
a que coucou, haha
a que coucou, haha
a que coucou, haha
a que coucou, haha
a que coucou, haha
a que coucou, haha
a que coucou, haha
a que coucou, haha
a que coucou, haha
a que coucou, haha
a que coucou, haha
a que coucou, haha
a que coucou, haha
a que coucou, haha
a que coucou, haha
a que coucou, haha
a que coucou, haha
a que coucou, haha
a que coucou, haha
a que coucou, haha
a que coucou, haha
a que coucou, haha
a que coucou, haha
a que coucou, haha
a que coucou, haha
a que coucou, haha
a que coucou, haha
a que coucou, haha
a que coucou, haha
a que coucou, haha
a que coucou, haha
a que coucou, haha
a que coucou, haha
a que coucou, haha
a que coucou, haha
a que coucou, haha
a que coucou, haha
a que coucou, haha
a que coucou, haha
a que coucou, haha
a que coucou, haha
a que coucou, haha
a que coucou, haha
a que coucou, haha
a que coucou, haha
a que coucou, haha
a que coucou, haha
a que coucou, haha
a que coucou, haha
a que coucou, haha
a que coucou, haha
a que coucou, haha
a que coucou, haha
a que coucou, haha
a que coucou, haha
a que coucou, haha
a que coucou, haha
a que coucou, haha
a que coucou, haha
a que coucou, haha
a que coucou, haha
a que coucou, haha
a que coucou, haha
a que coucou, haha
a que coucou, haha
a que coucou, haha
a que coucou, haha
a que coucou, haha
a que coucou, haha
a que coucou, haha
a que coucou, haha
a que coucou, haha
a que coucou, haha
a que coucou, haha
a que coucou, haha
a que coucou, haha
a que coucou, haha
a que coucou, haha
a que coucou, haha
a que coucou, haha
a que coucou, haha
a que coucou, haha
a que coucou, haha
a que coucou, haha
a que coucou, haha
a que coucou, haha
a que coucou, haha
a que coucou, haha
a que coucou, haha
a que coucou, haha
a que coucou, haha
a que coucou, haha
a que coucou, haha
a que coucou, haha
a que coucou, haha
a que coucou, haha
a que coucou, haha
a que coucou, haha
a que coucou, haha
a que coucou, haha
a que coucou, haha
a que coucou, haha
a que coucou, haha
a que coucou, haha
a que coucou, haha
a que coucou, haha
a que coucou, haha
a que coucou, haha
a que coucou, haha
a que coucou, haha
a que coucou, haha
a que coucou, haha
a que coucou, haha
a que coucou, haha
a que coucou, haha
a que coucou, haha
a que coucou, haha
a que coucou, haha
a que coucou, haha
a que coucou, haha
a que coucou, haha
a que coucou, haha
a que coucou, haha
a que coucou, haha
a que coucou, haha
a que coucou, haha
a que coucou, haha
a que coucou, haha
a que coucou, haha
a que coucou, haha
a que coucou, haha
a que coucou, haha
a que coucou, haha
a que coucou, haha
a que coucou, haha
a que coucou, haha
a que coucou, haha
a que coucou, haha
a que coucou, haha
a que coucou, haha
a que coucou, haha
a que coucou, haha
a que coucou, haha
a que coucou, haha
a que coucou, haha
a que coucou, haha
a que coucou, haha
a que coucou, haha
a que coucou, haha
a que coucou, haha
a que coucou, haha
a que coucou, haha
a que coucou, haha
a que coucou, haha
a que coucou, haha
a que coucou, haha
a que coucou, haha
a que coucou, haha
a que coucou, haha
a que coucou, haha
a que coucou, haha
a que coucou, haha
a que coucou, haha
a que coucou, haha
a que coucou, haha
a que coucou, haha
a que coucou, haha
a que coucou, haha
a que coucou, haha
a que coucou, haha
a que coucou, haha
a que coucou, haha
a que coucou, haha
a que coucou, haha
a que coucou, haha
a que coucou, haha
a que coucou, haha
a que coucou, haha
a que coucou, haha
a que coucou, haha
a que coucou, haha
a que coucou, haha
a que coucou, haha
a que coucou, haha
a que coucou, haha
a que coucou, haha
a que coucou, haha
a que coucou, haha
a que coucou, haha
a que coucou, haha
a que coucou, haha
a que coucou, haha
a que coucou, haha
a que coucou, haha
a que coucou, haha
a que coucou, haha
a que coucou, haha
a que coucou, haha
a que coucou, haha
a que coucou, haha
a que coucou, haha
a que coucou, haha
a que coucou, haha
a que coucou, haha
a que coucou, haha
a que coucou, haha
a que coucou, haha
a que coucou, haha
a que coucou, haha
a que coucou, haha
a que coucou, haha
a que coucou, haha
a que coucou, haha
a que coucou, haha
a que coucou, haha
a que coucou, haha
a que coucou, haha
a que coucou, haha
a que coucou, haha
a que coucou, haha
a que coucou, haha
a que coucou, haha
a que coucou, haha
a que coucou, haha
a que coucou, haha
a que coucou, haha
a que coucou, haha
a que coucou, haha
a que coucou, haha
a que coucou, haha
a que coucou, haha
a que coucou, haha
a que coucou, haha
a que coucou, haha
a que coucou, haha
a que coucou, haha
a que coucou, haha
a que coucou, haha
a que coucou, haha
a que coucou, haha
a que coucou, haha
a que coucou, haha
a que coucou, haha
a que coucou, haha
a que coucou, haha
a que coucou, haha
a que coucou, haha
a que coucou, haha
a que coucou, haha
a que coucou, haha
a que coucou, haha
a que coucou, haha
a que coucou, haha
a que coucou, haha
a que coucou, haha
a que coucou, haha
a que coucou, haha
a que coucou, haha
a que coucou, haha
a que coucou, haha
a que coucou, haha
a que coucou, haha
a que coucou, haha
a que coucou, haha
a que coucou, haha
a que coucou, haha
a que coucou, haha
a que coucou, haha
a que coucou, haha
a que coucou, haha
a que coucou, haha
a que coucou, haha
a que coucou, haha
a que coucou, haha
a que coucou, haha
a que coucou, haha
a que coucou, haha
a que coucou, haha
a que coucou, haha
a que coucou, haha
a que coucou, haha
a que coucou, haha
a que coucou, haha
a que coucou, haha
a que coucou, haha
a que coucou, haha
a que coucou, haha
a que coucou, haha
a que coucou, haha
a que coucou, haha
a que coucou, haha
a que coucou, haha
a que coucou, haha
a que coucou, haha
a que coucou, haha
a que coucou, haha
a que coucou, haha
a que coucou, haha
a que coucou, haha
a que coucou, haha
a que coucou, haha
a que coucou, haha
a que coucou, haha
a que coucou, haha
a que coucou, haha
a que coucou, haha
a que coucou, haha
a que coucou, haha
a que coucou, haha
a que coucou, haha
a que coucou, haha
a que coucou, haha
a que coucou, haha
a que coucou, haha
a que coucou, haha
a que coucou, haha
a que coucou, haha
a que coucou, haha
a que coucou, haha
a que coucou, haha
a que coucou, haha
a que coucou, haha
a que coucou, haha
a que coucou, haha
a que coucou, haha
a que coucou, haha
a que coucou, haha
a que coucou, haha
a que coucou, haha
a que coucou, haha
a que coucou, haha
a que coucou, haha
a que coucou, haha
a que coucou, haha
a que coucou, haha
a que coucou, haha
a que coucou, haha
a que coucou, haha
a que coucou, haha
a que coucou, haha
a que coucou, haha
a que coucou, haha
a que coucou, haha
a que coucou, haha
a que coucou, haha
a que coucou, haha
a que coucou, haha
a que coucou, haha
a que coucou, haha
a que coucou, haha
a que coucou, haha
a que coucou, haha
a que coucou, haha
a que coucou, haha
a que coucou, haha
a que coucou, haha
a que coucou, haha
a que coucou, haha
a que coucou, haha
a que coucou, haha
a que coucou, haha
a que coucou, haha
a que coucou, haha
a que coucou, haha
a que coucou, haha
a que coucou, haha
a que coucou, haha
a que coucou, haha
a que coucou, haha
a que coucou, haha
a que coucou, haha
a que coucou, haha
a que coucou, haha
a que coucou, haha
a que coucou, haha
a que coucou, haha
a que coucou, haha
a que coucou, haha
a que coucou, haha
a que coucou, haha
a que coucou, haha
a que coucou, haha
a que coucou, haha
a que coucou, haha
a que coucou, haha
a que coucou, haha
a que coucou, haha
a que coucou, haha
a que coucou, haha
a que coucou, haha
a que coucou, haha
a que coucou, haha
a que coucou, haha
a que coucou, haha
a que coucou, haha
a que coucou, haha
a que coucou, haha
a que coucou, haha
a que coucou, haha
a que coucou, haha
a que coucou, haha
a que coucou, haha
a que coucou, haha
a que coucou, haha
a que coucou, haha
a que coucou, haha
a que coucou, haha
a que coucou, haha
a que coucou, haha
a que coucou, haha
a que coucou, haha
a que coucou, haha
a que coucou, haha
a que coucou, haha
a que coucou, haha
a que coucou, haha
a que coucou, haha
a que coucou, haha
a que coucou, haha
a que coucou, haha
a que coucou, haha
a que coucou, haha
a que coucou, haha
a que coucou, haha
a que coucou, haha
a que coucou, haha
a que coucou, haha
a que coucou, haha
a que coucou, haha
a que coucou, haha
a que coucou, haha
a que coucou, haha
a que coucou, haha
a que coucou, haha
a que coucou, haha
a que coucou, haha
a que coucou, haha
a que coucou, haha
a que coucou, haha
a que coucou, haha
a que coucou, haha
a que coucou, haha
a que coucou, haha
a que coucou, haha
a que coucou, haha
a que coucou, haha
a que coucou, haha
a que coucou, haha
a que coucou, haha
a que coucou, haha
a que coucou, haha
a que coucou, haha
a que coucou, haha
a que coucou, haha
a que coucou, haha
a que coucou, haha
a que coucou, haha
a que coucou, haha
a que coucou, haha
a que coucou, haha
a que coucou, haha
a que coucou, haha
a que coucou, haha
a que coucou, haha
a que coucou, haha
a que coucou, haha
a que coucou, haha
a que coucou, haha
a que coucou, haha
a que coucou, haha
a que coucou, haha
a que coucou, haha
a que coucou, haha
a que coucou, haha
a que coucou, haha
a que coucou, haha
a que coucou, haha
a que coucou, haha
a que coucou, haha
a que coucou, haha
a que coucou, haha
a que coucou, haha
a que coucou, haha
a que coucou, haha
a que coucou, haha
a que coucou, haha
a que coucou, haha
a que coucou, haha
a que coucou, haha
a que coucou, haha
a que coucou, haha
a que coucou, haha
a que coucou, haha
a que coucou, haha
a que coucou, haha
a que coucou, haha
a que coucou, haha
a que coucou, haha
a que coucou, haha
a que coucou, haha
a que coucou, haha
a que coucou, haha
a que coucou, haha
a que coucou, haha
a que coucou, haha
a que coucou, haha
a que coucou, haha
a que coucou, haha
a que coucou, haha
a que coucou, haha
a que coucou, haha
a que coucou, haha
a que coucou, haha
a que coucou, haha
a que coucou, haha
a que coucou, haha
a que coucou, haha
a que coucou, haha
a que coucou, haha
a que coucou, haha
a que coucou, haha
a que coucou, haha
a que coucou, haha
a que coucou, haha
a que coucou, haha
a que coucou, haha
a que coucou, haha
a que coucou, haha
a que coucou, haha
a que coucou, haha
a que coucou, haha
a que coucou, haha
a que coucou, haha
a que coucou, haha
a que coucou, haha
a que coucou, haha
a que coucou, haha
a que coucou, haha
a que coucou, haha
a que coucou, haha
a que coucou, haha
a que coucou, haha
a que coucou, haha
a que coucou, haha
a que coucou, haha
a que coucou, haha
a que coucou, haha
a que coucou, haha
a que coucou, haha
a que coucou, haha
a que coucou, haha
a que coucou, haha
a que coucou, haha
a que coucou, haha
a que coucou, haha
a que coucou, haha
a que coucou, haha
a que coucou, haha
a que coucou, haha
a que coucou, haha
a que coucou, haha
a que coucou, haha
a que coucou, haha
a que coucou, haha
a que coucou, haha
a que coucou, haha
a que coucou, haha
a que coucou, haha
a que coucou, haha
a que coucou, haha
a que coucou, haha
a que coucou, haha
a que coucou, haha
a que coucou, haha
a que coucou, haha
a que coucou, haha
a que coucou, haha
a que coucou, haha
a que coucou, haha
a que coucou, haha
a que coucou, haha
a que coucou, haha
a que coucou, haha
a que coucou, haha
a que coucou, haha
a que coucou, haha
a que coucou, haha
a que coucou, haha
a que coucou, haha
a que coucou, haha
a que coucou, haha
a que coucou, haha
a que coucou, haha
a que coucou, haha
a que coucou, haha
a que coucou, haha
a que coucou, haha
a que coucou, haha
a que coucou, haha
a que coucou, haha
a que coucou, haha
a que coucou, haha
a que coucou, haha
a que coucou, haha
a que coucou, haha
a que coucou, haha
a que coucou, haha
a que coucou, haha
a que coucou, haha
a que coucou, haha
a que coucou, haha
a que coucou, haha
a que coucou, haha
a que coucou, haha
a que coucou, haha
a que coucou, haha
a que coucou, haha
a que coucou, haha
a que coucou, haha
a que coucou, haha
a que coucou, haha
a que coucou, haha
a que coucou, haha
a que coucou, haha
a que coucou, haha
a que coucou, haha
a que coucou, haha
a que coucou, haha
a que coucou, haha
a que coucou, haha
a que coucou, haha
a que coucou, haha
a que coucou, haha
a que coucou, haha
a que coucou, haha
a que coucou, haha
a que coucou, haha
a que coucou, haha
a que coucou, haha
a que coucou, haha
a que coucou, haha
a que coucou, haha
a que coucou, haha
a que coucou, haha
a que coucou, haha
a que coucou, haha
a que coucou, haha
a que coucou, haha
a que coucou, haha
a que coucou, haha
a que coucou, haha
a que coucou, haha
a que coucou, haha
a que coucou, haha
a que coucou, haha
a que coucou, haha
a que coucou, haha
a que coucou, haha
a que coucou, haha
a que coucou, haha
a que coucou, haha
a que coucou, haha
a que coucou, haha
a que coucou, haha
a que coucou, haha
a que coucou, haha
a que coucou, haha
a que coucou, haha
a que coucou, haha
a que coucou, haha
a que coucou, haha
a que coucou, haha
a que coucou, haha
a que coucou, haha
a que coucou, haha
a que coucou, haha
a que coucou, haha
a que coucou, haha
a que coucou, haha
a que coucou, haha
a que coucou, haha
a que coucou, haha
a que coucou, haha
a que coucou, haha
a que coucou, haha
a que coucou, haha
a que coucou, haha
a que coucou, haha
a que coucou, haha
a que coucou, haha
a que coucou, haha
a que coucou, haha
a que coucou, haha
a que coucou, haha
a que coucou, haha
a que coucou, haha
a que coucou, haha
a que coucou, haha
a que coucou, haha
a que coucou, haha
a que coucou, haha
a que coucou, haha
a que coucou, haha
a que coucou, haha
a que coucou, haha
a que coucou, haha
a que coucou, haha
a que coucou, haha
a que coucou, haha
a que coucou, haha
a que coucou, haha
a que coucou, haha
a que coucou, haha
a que coucou, haha
a que coucou, haha
a que coucou, haha
a que coucou, haha
a que coucou, haha
a que coucou, haha
a que coucou, haha
a que coucou, haha
a que coucou, haha
a que coucou, haha
a que coucou, haha
a que coucou, haha
a que coucou, haha
a que coucou, haha
a que coucou, haha
a que coucou, haha
a que coucou, haha
a que coucou, haha
a que coucou, haha
a que coucou, haha
a que coucou, haha
a que coucou, haha
a que coucou, haha
a que coucou, haha
a que coucou, haha
a que coucou, haha
a que coucou, haha
a que coucou, haha
a que coucou, haha
a que coucou, haha
a que coucou, haha
a que coucou, haha
a que coucou, haha
a que coucou, haha
a que coucou, haha
a que coucou, haha
a que coucou, haha
a que coucou, haha
a que coucou, haha
a que coucou, haha
a que coucou, haha
a que coucou, haha
a que coucou, haha
a que coucou, haha
a que coucou, haha
a que coucou, haha
a que coucou, haha
a que coucou, haha
a que coucou, haha
a que coucou, haha
a que coucou, haha
a que coucou, haha
a que coucou, haha
a que coucou, haha
a que coucou, haha
a que coucou, haha
a que coucou, haha
a que coucou, haha
a que coucou, haha
a que coucou, haha
a que coucou, haha
a que coucou, haha
a que coucou, haha
a que coucou, haha
a que coucou, haha
a que coucou, haha
a que coucou, haha
a que coucou, haha
a que coucou, haha
a que coucou, haha
a que coucou, haha
a que coucou, haha
a que coucou, haha
a que coucou, haha
a que coucou, haha
a que coucou, haha
a que coucou, haha
a que coucou, haha
a que coucou, haha
a que coucou, haha
a que coucou, haha
a que coucou, haha
a que coucou, haha
a que coucou, haha
a que coucou, haha
a que coucou, haha
a que coucou, haha
a que coucou, haha
a que coucou, haha
a que coucou, haha
a que coucou, haha
a que coucou, haha
a que coucou, haha
a que coucou, haha
a que coucou, haha
a que coucou, haha
a que coucou, haha
a que coucou, haha
a que coucou, haha
a que coucou, haha
a que coucou, haha
a que coucou, haha
a que coucou, haha
a que coucou, haha
a que coucou, haha
a que coucou, haha
a que coucou, haha
a que coucou, haha
a que coucou, haha
a que coucou, haha
a que coucou, haha
a que coucou, haha
a que coucou, haha
a que coucou, haha
a que coucou, haha
a que coucou, haha
a que coucou, haha
a que coucou, haha
a que coucou, haha
a que coucou, haha
a que coucou, haha
a que coucou, haha
a que coucou, haha
a que coucou, haha
a que coucou, haha
a que coucou, haha
a que coucou, haha
a que coucou, haha
a que coucou, haha
a que coucou, haha
a que coucou, haha
a que coucou, haha
a que coucou, haha
a que coucou, haha
a que coucou, haha
a que coucou, haha
a que coucou, haha
a que coucou, haha
a que coucou, haha
a que coucou, haha
a que coucou, haha
a que coucou, haha
a que coucou, haha
a que coucou, haha
a que coucou, haha
a que coucou, haha
a que coucou, haha
a que coucou, haha
a que coucou, haha
a que coucou, haha
a que coucou, haha
a que coucou, haha
a que coucou, haha
a que coucou, haha
a que coucou, haha
a que coucou, haha
a que coucou, haha
a que coucou, haha
a que coucou, haha
a que coucou, haha
a que coucou, haha
a que coucou, haha
a que coucou, haha
a que coucou, haha
a que coucou, haha
a que coucou, haha
a que coucou, haha
a que coucou, haha
a que coucou, haha
a que coucou, haha
a que coucou, haha
a que coucou, haha
a que coucou, haha
a que coucou, haha
a que coucou, haha
a que coucou, haha
a que coucou, haha
a que coucou, haha
a que coucou, haha
a que coucou, haha
a que coucou, haha
a que coucou, haha
a que coucou, haha
a que coucou, haha
a que coucou, haha
a que coucou, haha
a que coucou, haha
a que coucou, haha
a que coucou, haha
a que coucou, haha
a que coucou, haha
a que coucou, haha
a que coucou, haha
a que coucou, haha
a que coucou, haha
a que coucou, haha
a que coucou, haha
a que coucou, haha
a que coucou, haha
a que coucou, haha
a que coucou, haha
a que coucou, haha
a que coucou, haha
a que coucou, haha
a que coucou, haha
a que coucou, haha
a que coucou, haha
a que coucou, haha
a que coucou, haha
a que coucou, haha
a que coucou, haha
a que coucou, haha
a que coucou, haha
a que coucou, haha
a que coucou, haha
a que coucou, haha
a que coucou, haha
a que coucou, haha
a que coucou, haha
a que coucou, haha
a que coucou, haha
a que coucou, haha
a que coucou, haha
a que coucou, haha
a que coucou, haha
a que coucou, haha
a que coucou, haha
a que coucou, haha
a que coucou, haha
a que coucou, haha
a que coucou, haha
a que coucou, haha
a que coucou, haha
a que coucou, haha
a que coucou, haha
a que coucou, haha
a que coucou, haha
a que coucou, haha
a que coucou, haha
a que coucou, haha
a que coucou, haha
a que coucou, haha
a que coucou, haha
a que coucou, haha
a que coucou, haha
a que coucou, haha
a que coucou, haha
a que coucou, haha
a que coucou, haha
a que coucou, haha
a que coucou, haha
a que coucou, haha
a que coucou, haha
a que coucou, haha
a que coucou, haha
a que coucou, haha
a que coucou, haha
a que coucou, haha
a que coucou, haha
a que coucou, haha
a que coucou, haha
a que coucou, haha
a que coucou, haha
a que coucou, haha
a que coucou, haha
a que coucou, haha
a que coucou, haha
a que coucou, haha
a que coucou, haha
a que coucou, haha
a que coucou, haha
a que coucou, haha
a que coucou, haha
a que coucou, haha
a que coucou, haha
a que coucou, haha
a que coucou, haha
a que coucou, haha
a que coucou, haha
a que coucou, haha
a que coucou, haha
a que coucou, haha
a que coucou, haha
a que coucou, haha
a que coucou, haha
a que coucou, haha
